{"mean_score": 0.8681, "std_dev": 0.0006, "min_score": 0.8673, "max_score": 0.869, "precision": 0.8682997011041056, "recall": 0.868768426695256, "f1": 0.867185961640828}